<?xml version="1.0" encoding="UTF-8" ?>
<XMLDB PATH="local/my_team/db" VERSION="20140724" COMMENT="XMLDB file for Moodle local/my_team"
    xmlns:xsi="http://www.w3.org/2001/XMLSchema-instance"
    xsi:noNamespaceSchemaLocation="../../../lib/xmldb/xmldb.xsd"
>
  <TABLES>
    <TABLE NAME="my_team" COMMENT="This table saves information about an instance of local_my_team.">
      <FIELDS>
        <FIELD NAME="id" TYPE="int" LENGTH="10" NOTNULL="true" SEQUENCE="true"/>
        <FIELD NAME="managerid" TYPE="int" LENGTH="10" NOTNULL="true" DEFAULT="0" SEQUENCE="false"/>
        <FIELD NAME="userid" TYPE="int" LENGTH="10" NOTNULL="true" DEFAULT="0" SEQUENCE="false"/>
        <FIELD NAME="timecreated" TYPE="int" LENGTH="10" NOTNULL="true" DEFAULT="0" SEQUENCE="false" />
        <FIELD NAME="timemodified" TYPE="int" LENGTH="10" DEFAULT="0" SEQUENCE="false" />
      </FIELDS>
      <KEYS>
        <KEY NAME="primary" TYPE="primary" FIELDS="id" COMMENT="The unique id for this instance."/>
      </KEYS>
      <INDEXES>
        <INDEX NAME="managerid" UNIQUE="false" FIELDS="managerid"/>
        <INDEX NAME="userid" UNIQUE="false" FIELDS="userid"/>
      </INDEXES>
    </TABLE>
  </TABLES>
</XMLDB>