<?xml version="1.0" encoding="UTF-8" ?>
<XMLDB PATH="blocks/recent_activity/db" VERSION="20140120" COMMENT="XMLDB file for Moodle blocks/recent_activity"
    xmlns:xsi="http://www.w3.org/2001/XMLSchema-instance"
    xsi:noNamespaceSchemaLocation="../../../lib/xmldb/xmldb.xsd"
>
  <TABLES>
    <TABLE NAME="block_recent_activity" COMMENT="Recent activity block">
      <FIELDS>
        <FIELD NAME="id" TYPE="int" LENGTH="10" NOTNULL="true" SEQUENCE="true"/>
        <FIELD NAME="courseid" TYPE="int" LENGTH="10" NOTNULL="true" SEQUENCE="false" COMMENT="Course id"/>
        <FIELD NAME="cmid" TYPE="int" LENGTH="10" NOTNULL="true" SEQUENCE="false" COMMENT="Course module id"/>
        <FIELD NAME="timecreated" TYPE="int" LENGTH="10" NOTNULL="true" SEQUENCE="false"/>
        <FIELD NAME="userid" TYPE="int" LENGTH="10" NOTNULL="true" SEQUENCE="false" COMMENT="User performing the action"/>
        <FIELD NAME="action" TYPE="int" LENGTH="1" NOTNULL="true" SEQUENCE="false" COMMENT="0 created, 1 updated, 2 deleted"/>
        <FIELD NAME="modname" TYPE="char" LENGTH="20" NOTNULL="false" SEQUENCE="false" COMMENT="module type name (for delete action)"/>
      </FIELDS>
      <KEYS>
        <KEY NAME="primary" TYPE="primary" FIELDS="id"/>
      </KEYS>
      <INDEXES>
        <INDEX NAME="coursetime" UNIQUE="false" FIELDS="courseid, timecreated"/>
      </INDEXES>
    </TABLE>
  </TABLES>
</XMLDB>
